"gene","TCGA-13-1485-01","TCGA-25-1315-01","TCGA-09-0369-01","TCGA-24-1419-01","TCGA-29-1761-01","TCGA-24-1845-01","TCGA-24-2293-01","TCGA-29-A5NZ-01","TCGA-24-1426-01","TCGA-24-1551-01","TCGA-24-1923-01","TCGA-13-0899-01","TCGA-29-1769-01","TCGA-24-1474-01","TCGA-09-2048-01","TCGA-36-1580-01","TCGA-61-1900-01","TCGA-24-1562-01","TCGA-24-2297-01","TCGA-23-1113-01","TCGA-24-2290-01","TCGA-29-1695-01","TCGA-09-1674-01","TCGA-13-A5FT-01","TCGA-13-1512-01","TCGA-23-2078-01","TCGA-24-1924-01","TCGA-13-1496-01","TCGA-24-1928-01","TCGA-04-1514-01","TCGA-04-1348-01","TCGA-04-1530-01","TCGA-25-2042-01","TCGA-31-1950-01","TCGA-24-1413-01","TCGA-25-1625-01","TCGA-25-1630-01","TCGA-36-1574-01","TCGA-20-1684-01","TCGA-13-0886-01","TCGA-24-2288-01","TCGA-57-1994-01","TCGA-25-2392-01","TCGA-31-1959-01","TCGA-23-1022-01","TCGA-25-1633-01","TCGA-25-2396-01","TCGA-04-1517-01","TCGA-30-1714-01","TCGA-23-1026-01","TCGA-24-1431-01","TCGA-24-2261-01","TCGA-13-0800-01","TCGA-13-0765-01","TCGA-61-1998-01","TCGA-23-1029-01","TCGA-23-1030-01","TCGA-61-2003-01","TCGA-24-2038-01","TCGA-61-2016-01","TCGA-13-0885-01","TCGA-59-2351-01","TCGA-13-0890-01","TCGA-61-2000-01","TCGA-25-2404-01","TCGA-13-0768-01","TCGA-24-0970-01","TCGA-24-1424-01","TCGA-24-2023-01","TCGA-61-2111-01","TCGA-31-1946-01","TCGA-30-1857-01","TCGA-13-0720-01","TCGA-24-2033-01","TCGA-25-1627-01","TCGA-24-0966-01","TCGA-24-2026-01","TCGA-04-1331-01","TCGA-25-1628-01","TCGA-13-0795-01","TCGA-29-1763-01","TCGA-24-1470-01","TCGA-13-1410-01","TCGA-24-1553-01","TCGA-29-1710-01","TCGA-04-1648-01","TCGA-13-0884-01","TCGA-24-1567-01","TCGA-13-0906-01","TCGA-09-0367-01","TCGA-23-1028-01","TCGA-61-1740-01","TCGA-61-1737-01","TCGA-24-1930-01","TCGA-24-1604-01","TCGA-61-2094-01","TCGA-13-1409-01","TCGA-10-0928-01","TCGA-24-1469-01","TCGA-13-1405-01","TCGA-24-1464-01","TCGA-24-1104-01","TCGA-24-2024-01","TCGA-13-0924-01","TCGA-61-2101-01","TCGA-10-0927-01","TCGA-24-0968-01","TCGA-10-0936-01","TCGA-13-0726-01","TCGA-13-0908-01","TCGA-25-1329-01","TCGA-24-1555-01","TCGA-13-0916-01","TCGA-29-1781-01","TCGA-25-1312-01","TCGA-13-1482-01","TCGA-29-1770-01","TCGA-36-1576-01","TCGA-24-2036-01","TCGA-OY-A56P-01","TCGA-13-1511-01","TCGA-20-1687-01","TCGA-25-1316-01","TCGA-13-2060-01","TCGA-09-1668-01","TCGA-57-1586-01","TCGA-24-2271-01","TCGA-04-1350-01","TCGA-29-1699-01","TCGA-61-2109-01","TCGA-09-2051-01","TCGA-29-1766-01","TCGA-3P-A9WA-01","TCGA-25-2400-01","TCGA-24-1842-01","TCGA-04-1364-01","TCGA-23-2084-01","TCGA-24-1556-01","TCGA-61-1724-01","TCGA-13-0766-01","TCGA-59-2355-01","TCGA-24-1423-01","TCGA-13-0920-01","TCGA-29-1702-01","TCGA-23-1114-01","TCGA-23-1109-01","TCGA-24-1436-01","TCGA-29-1776-01","TCGA-13-0727-01","TCGA-61-2110-01","TCGA-24-1435-01","TCGA-09-1659-01","TCGA-24-1546-01","TCGA-13-1505-01","TCGA-25-1328-01","TCGA-29-1783-01","TCGA-13-1501-01","TCGA-61-1917-01","TCGA-57-1582-01","TCGA-24-1549-01","TCGA-10-0938-01","TCGA-30-1718-01","TCGA-24-2280-01","TCGA-24-1418-01","TCGA-24-1471-01","TCGA-30-1866-01","TCGA-24-1844-01","TCGA-61-1910-01","TCGA-24-1846-01","TCGA-20-0987-01","TCGA-13-0804-01","TCGA-57-1993-01","TCGA-24-0982-01","TCGA-36-1581-01","TCGA-24-1557-01","TCGA-20-0991-01","TCGA-30-1861-01","TCGA-29-2414-01","TCGA-09-1665-01","TCGA-25-1870-01","TCGA-09-1661-01","TCGA-13-1498-01","TCGA-20-1686-01","TCGA-24-2267-01","TCGA-04-1362-01","TCGA-61-1911-01","TCGA-30-1853-01","TCGA-24-2289-01","TCGA-25-1623-01","TCGA-29-1774-01","TCGA-29-1691-01","TCGA-24-1843-01","TCGA-29-1785-01","TCGA-25-1632-01","TCGA-24-1544-01","TCGA-24-1849-01","TCGA-23-1111-01","TCGA-10-0937-01","TCGA-20-1685-01","TCGA-36-1569-01","TCGA-04-1655-01","TCGA-59-A5PD-01","TCGA-25-1635-01","TCGA-30-1891-01","TCGA-04-1519-01","TCGA-13-0801-01","TCGA-04-1651-01","TCGA-23-1809-01","TCGA-24-1103-01","TCGA-13-0760-01","TCGA-13-0887-01","TCGA-24-2262-01","TCGA-20-1682-01","TCGA-25-2409-01","TCGA-24-1603-01","TCGA-23-1123-01","TCGA-61-2009-01","TCGA-09-1670-01","TCGA-61-2098-01","TCGA-23-1032-01","TCGA-24-0975-01","TCGA-13-1495-01","TCGA-31-1956-01","TCGA-24-2027-01","TCGA-24-1850-01","TCGA-61-2102-01","TCGA-25-1321-01","TCGA-25-1322-01","TCGA-13-0797-01","TCGA-29-1762-01","TCGA-59-2363-01","TCGA-24-1552-01","TCGA-13-1477-01","TCGA-25-1326-01","TCGA-10-0931-01","TCGA-29-1688-01","TCGA-24-1565-01","TCGA-25-1319-01","TCGA-20-1683-01","TCGA-36-1575-01","TCGA-09-2044-01","TCGA-09-1667-01","TCGA-61-1736-01","TCGA-59-2352-01","TCGA-61-2008-01","TCGA-10-0926-01","TCGA-61-2095-01","TCGA-09-2056-01","TCGA-13-1403-01","TCGA-61-1743-01","TCGA-13-0923-01","TCGA-13-1407-01","TCGA-24-1105-01","TCGA-13-1509-01","TCGA-13-0799-01","TCGA-10-0933-01","TCGA-24-1427-01","TCGA-59-2350-01","TCGA-13-0900-01","TCGA-61-2088-01","TCGA-25-1313-01","TCGA-VG-A8LO-01","TCGA-OY-A56Q-01","TCGA-13-1510-01","TCGA-25-1317-01","TCGA-13-1488-01","TCGA-61-2104-01","TCGA-24-1564-01","TCGA-13-0897-01","TCGA-29-1768-01","TCGA-24-1434-01","TCGA-24-1558-01","TCGA-29-1711-01","TCGA-13-1487-01","TCGA-04-1347-01","TCGA-29-1703-01","TCGA-04-1542-01","TCGA-30-1862-01","TCGA-29-1698-01","TCGA-23-1116-01","TCGA-29-1778-01","TCGA-09-1662-01","TCGA-23-1119-01","TCGA-29-1694-01","TCGA-04-1356-01","TCGA-24-1548-01","TCGA-04-1361-01","TCGA-13-1497-01","TCGA-57-1584-01","TCGA-24-1425-01","TCGA-04-1332-01","TCGA-57-1583-01","TCGA-23-1122-01","TCGA-13-0888-01","TCGA-24-2298-01","TCGA-25-1631-01","TCGA-24-1416-01","TCGA-13-0883-01","TCGA-61-1919-01","TCGA-25-2393-01","TCGA-25-2401-01","TCGA-13-0901-01","TCGA-13-0891-01","TCGA-25-2397-01","TCGA-24-2281-01","TCGA-25-2398-01","TCGA-23-1024-01","TCGA-13-1489-01","TCGA-30-1892-01","TCGA-30-1860-01","TCGA-13-0714-01","TCGA-24-1422-01","TCGA-61-1995-01","TCGA-25-1871-01","TCGA-04-1357-01","TCGA-24-1463-01","TCGA-24-1417-01","TCGA-5X-AA5U-01","TCGA-61-2002-01","TCGA-29-2425-01","TCGA-29-1701-01","TCGA-23-1118-01","TCGA-09-1673-01","TCGA-24-1428-01","TCGA-23-1120-01","TCGA-61-1914-01","TCGA-29-1705-01","TCGA-23-2077-01","TCGA-23-1110-01","TCGA-31-1944-01","TCGA-24-1545-01","TCGA-31-1951-01","TCGA-04-1343-01","TCGA-25-1626-01","TCGA-13-1492-01","TCGA-36-1571-01","TCGA-36-1568-01","TCGA-25-1634-01","TCGA-04-1337-01","TCGA-13-0919-01","TCGA-30-1855-01","TCGA-24-2035-01","TCGA-57-1585-01","TCGA-61-2113-01","TCGA-04-1338-01","TCGA-13-0762-01","TCGA-04-1536-01","TCGA-25-2399-01","TCGA-13-0911-01","TCGA-09-0366-01","TCGA-59-2348-01","TCGA-23-1027-01","TCGA-24-2019-01","TCGA-13-0893-01","TCGA-61-1741-01","TCGA-36-1577-01","TCGA-61-2012-01","TCGA-13-1411-01","TCGA-61-1725-01","TCGA-25-2391-01","TCGA-29-1777-01","TCGA-WR-A838-01","TCGA-61-1728-01","TCGA-23-1021-01","TCGA-25-1323-01","TCGA-13-1408-01","TCGA-25-1877-01","TCGA-23-1107-01","TCGA-29-1696-01","TCGA-29-2428-01","TCGA-29-1690-01","TCGA-25-1320-01","TCGA-29-2427-01","TCGA-10-0934-01","TCGA-09-2045-01","TCGA-36-1570-01","TCGA-24-1550-01","TCGA-25-1324-01","TCGA-13-0724-01","TCGA-13-1483-01","TCGA-29-1697-01","TCGA-25-1318-01","TCGA-09-2054-01","TCGA-09-0364-01","TCGA-13-1499-01","TCGA-25-1314-01","TCGA-24-1560-01","TCGA-29-1693-01","TCGA-13-0905-01","TCGA-36-1578-01","TCGA-13-1404-01","TCGA-31-1953-01","TCGA-09-1666-01","TCGA-13-1506-01","TCGA-24-2020-01","TCGA-23-2081-01","TCGA-09-2053-01","TCGA-61-1738-01","TCGA-04-1365-01","TCGA-61-1918-01","TCGA-61-2097-01","TCGA-61-2092-01","TCGA-09-1669-01","TCGA-59-2354-01","TCGA-24-1563-01","TCGA-04-1341-01","TCGA-24-0979-01","TCGA-24-1467-01","TCGA-24-1616-01","TCGA-13-0730-01","TCGA-61-1733-01","TCGA-13-1507-01","TCGA-24-1430-01","TCGA-61-1721-01","TCGA-29-1784-01","TCGA-13-0725-01","TCGA-13-1481-01","TCGA-61-1907-01","TCGA-24-2254-01"
"ACTB",12.7722,11.187,12.1496,11.8455,10.9484,10.4135,12.2688,12.2614,11.2717,12.0524,11.6188,11.8068,11.98,11.798,11.4999,11.7613,11.4798,11.4063,11.3089,11.7807,11.6319,12.0976,12.7738,10.5917,12.0892,11.6829,11.4991,12.6031,12.042,11.0052,12.3518,11.8997,12.1383,11.4866,11.3185,12.1645,11.4661,11.8942,11.2649,11.8848,11.3661,11.3152,11.3663,12.5469,9.7347,12.3806,11.0333,11.7829,10.89,11.6012,10.8403,11.6554,12.0746,12.1339,11.0391,10.9741,11.9825,12.5461,10.9097,11.9034,11.2684,10.8464,12.3683,11.3541,12.143,12.9519,11.8824,11.794,11.7268,11.6686,11.7814,13.1475,12.4707,11.5799,12.13,11.142,12.0817,11.5755,12.4962,11.9195,11.6929,12.47,12.3755,11.3208,11.8539,12.446,11.3904,10.8582,11.9995,11.3198,12.1262,11.022,11.9889,11.4799,11.7446,11.6206,11.2488,11.2066,12.0039,12.8706,11.1105,11.4225,11.6036,12.2521,11.6242,11.0841,12.1161,11.0918,12.8949,12.0254,12.067,11.3344,11.7911,11.1897,11.1027,12.5707,12.1767,12.3947,11.5304,11.4189,12.4738,11.7438,11.3221,12.1597,11.9425,10.62,12.277,11.5571,11.6309,11.3485,11.7936,11.5394,11.7508,11.3578,12.0265,12.2945,11.9905,11.0913,11.9338,11.3568,11.4647,11.7693,10.8803,11.5408,12.2839,11.5501,11.496,11.0089,10.9821,11.5212,11.8819,11.0829,11.6836,11.5261,11.9754,11.3296,12.6439,11.1066,11.7212,12.4822,11.5034,11.3071,11.9188,12.3952,11.2181,11.9546,10.6975,10.0293,11.0553,13.0449,12.5183,11.7866,11.5384,12.0972,11.8658,11.9219,12.2977,10.7531,11.1372,-9.9658,11.1608,11.7402,12.0083,11.2995,11.9166,12.0753,10.7849,11.9728,12.0107,10.9692,11.8983,11.4679,11.7684,11.4406,11.5206,11.8793,11.8318,11.4489,11.1751,11.62,12.599,11.9496,12.1312,11.9789,11.7463,11.2607,11.3352,12.0402,12.0715,11.6379,12.3095,11.5527,12.3067,11.6624,12.241,11.6733,11.0494,11.9179,11.7675,11.4761,12.4902,12.43,11.7241,11.036,11.5362,12.2269,11.2641,11.5433,11.8212,11.506,11.0859,11.8689,12.2471,12.2542,11.1375,11.511,11.4839,11.9208,11.5099,11.5822,11.4304,12.1393,11.0501,10.9396,11.0262,12.2272,11.8733,11.0894,11.9682,11.9542,11.7074,11.3231,11.9498,12.249,11.4554,11.92,12.5348,11.3702,12.2294,11.5701,11.3037,10.7526,11.5146,12.6328,11.2835,12.5205,11.5637,12.5205,11.4279,12.2273,12.3264,12.1794,11.751,12.2879,11.2036,11.9998,11.7827,11.1742,12.6415,12.1358,11.4091,11.312,12.0846,11.433,12.0268,11.3701,11.9974,11.733,12.0181,11.9758,11.3398,10.7859,12.033,11.5517,11.7517,11.1609,11.3982,11.777,11.6492,11.0962,11.8247,12.2722,11.5205,11.4229,11.5073,12.0929,11.8282,11.8922,11.6028,11.2155,10.6977,12.1278,11.6568,11.4992,11.5605,11.9191,12.151,12.0827,11.5415,10.6153,10.9418,12.3068,10.689,12.16,11.6387,11.0119,11.2298,11.6284,10.5131,11.2886,11.6843,11.9256,12.0733,12.8706,11.8443,10.9509,11.5902,11.0289,12.1842,12.9753,11.9887,12.2388,12.1441,12.1618,12.6982,11.636,11.8042,11.8013,13.2625,12.2484,11.8129,11.1329,11.4293,12.3155,11.3539,11.468,11.2948,12.2594,10.5532,11.2211,10.4981,10.9496,11.439,11.2557,11.3376,12.3854,10.1797,12.1653,10.7559,11.0341,11.7945,12.3212,11.4373,11.2682,10.7382,10.3667,11.7109,11.2804,11.941,12.2603,11.3296,11.7592,12.1319,11.2903,12.7389,10.9586,11.3563,10.8084,12.9496,11.6524,11.6375,12.4493,11.0623,11.3452,11.6823,11.5829,11.4349,10.8486,12.3379,11.7888,12.0958,10.8527,11.2037,11.6387,11.9129,11.836,11.8346,10.715,11.7482,11.1451,11.6167,11.59,11.3968,11.277,11.0819,12.1779,11.6692,10.8594,11.8126
"ACTN4",8.6656,7.2336,8.319,8.7522,6.4318,7.2292,8.5367,9.9425,8.5626,8.8478,8.7146,6.7534,7.1263,8.7144,7.3635,7.6535,8.3052,8.6566,8.7138,8.0021,8.5343,9.4216,9.2844,8.72,8.4065,8.7393,7.5212,8.0852,8.2761,9.1094,8.8805,7.9999,9.3738,9.2824,7.2101,8.9278,8.1972,8.4238,8.3078,7.871,9.1839,9.3813,9.2496,8.9056,7.9604,9.388,8.0394,8.928,7.9889,8.7288,7.9261,11.3543,9.6217,6.3036,8.2477,9.259,8.4337,9.8416,7.5003,8.1548,7.7601,8.7666,8.9563,6.8567,11.7502,9.1431,8.1851,9.4826,8.6072,8.9884,8.1048,8.835,7.8072,8.9003,9.6132,6.6085,8.5371,8.2207,9.1879,6.8626,9.5606,8.7583,9.152,8.373,8.1996,7.6421,7.7409,8.4028,8.3878,7.1099,8.1961,8.2255,8.5794,8.0087,8.2944,8.2738,7.7863,8.3486,9.0791,9.0011,7.4664,8.2035,8.3274,8.0205,8.2523,8.645,7.1509,7.323,7.2265,7.6691,10.3139,8.3019,9.3362,7.3965,10.1621,7.6465,8.7047,8.9445,8.7075,8.8848,9.075,8.2773,7.1356,7.0407,8.6282,7.4363,9.0743,6.7046,10.077,9.4284,8.53,7.4086,8.0943,7.2482,8.8277,7.3848,9.2877,8.477,9.1112,5.3071,7.3079,8.745,7.5207,8.4245,8.3527,7.5808,8.3173,8.4282,6.9017,7.8532,8.9181,6.4199,9.2004,8.4094,8.9678,7.5374,8.4324,7.7786,9.553,10.916,6.7904,8.6494,8.9984,9.5655,7.7173,8.1383,7.8259,8.6009,7.206,8.1547,6.7711,9.5147,7.1505,7.9856,9.423,7.0542,8.155,8.0262,8.0633,-9.9658,6.8916,7.7606,8.102,8.9433,8.871,7.8281,6.8875,9.9617,9.4154,8.2126,9.254,9.1158,8.6286,9.6031,10.1197,8.8337,8.7394,6.9691,8.782,8.3915,7.9153,9.1988,11.5949,7.1881,7.3235,7.5541,8.5176,9.0625,8.3799,8.2105,7.7024,8.2873,7.9487,8.6496,8.5806,7.3278,7.5211,7.6386,10.0111,8.1676,8.7696,8.4142,7.4011,9.7095,9.0447,8.8564,8.8441,9.3162,9.5004,8.5025,8.3377,12.7223,8.0945,8.9104,7.5799,7.604,7.1298,7.8192,7.2801,8.8211,7.6714,7.4651,9.4085,8.598,8.2505,7.6981,8.9915,6.2574,8.864,9.2111,7.4473,7.3592,8.7765,7.6798,7.7068,8.6159,8.8977,8.5066,8.1236,9.07,8.2999,8.9194,9.2901,7.0086,8.7148,7.6226,9.3042,8.0747,8.4099,7.2235,9.5072,10.887,8.7867,7.9045,7.2365,7.6045,7.5553,8.0856,8.9676,9.371,8.6805,8.3786,6.947,7.8528,7.5454,9.6769,8.3086,7.4346,7.1938,9.0931,9.099,6.685,8.8731,7.538,8.9203,9.0889,8.1222,9.1351,7.4854,7.0864,8.8353,6.5261,8.1442,7.6095,8.697,8.8632,8.4468,7.264,7.623,8.0601,7.1231,7.8222,8.9477,8.6957,7.1687,8.4601,9.3143,8.096,7.8102,7.8757,7.6767,7.8773,7.4499,9.2373,7.686,7.1441,9.1586,7.7484,8.8512,9.2568,8.5916,9.1724,7.8139,9.4139,9.3478,9.1168,10.0195,6.9568,8.5701,7.6905,8.0836,8.9281,9.4188,10.6078,7.4856,6.53,8.8486,9.8522,8.4986,7.8749,9.2248,8.1644,8.1567,9.1935,9.6431,7.918,8.6805,9.7917,6.388,8.3993,6.1477,8.4541,7.8912,6.6641,8.3189,8.3595,5.1863,8.1863,7.4102,8.6228,7.2381,8.0061,7.0145,7.3673,8.4633,8.4662,9.3588,9.4013,8.493,7.2461,9.0173,8.6533,8.2533,8.3122,7.8644,8.2615,7.9972,7.6055,8.5219,8.9948,6.7422,9.308,8.2947,9.0898,8.2264,9.3588,8.2298,7.7759,7.6942,8.0517,8.8493,8.0644,8.2166,10.058,8.843,6.6803,8.6163,7.7708,7.578,8.6428,9.5757,6.3906,8.4431,7.6226,7.7489,7.2843,8.3192,6.4464,8.2867
"CAPZB",8.1297,8.6488,8.8048,8.1658,6.9426,6.4055,8.3407,8.0122,6.9921,7.7788,7.4158,7.8833,8.1124,9.8575,6.2139,7.5001,7.8708,7.9825,8.0436,7.781,7.7357,8.5385,8.0632,6.8304,8.174,8.1752,7.4295,8.0317,8.4499,7.696,8.3751,7.4661,8.574,8.3602,7.1692,8.016,7.5952,8.5957,7.3761,7.0362,7.6649,8.3887,7.9319,8.2297,6.5612,8.7336,7.5336,7.5325,6.7029,7.4506,7.6717,8.1504,7.9795,7.5769,7.8225,7.2352,7.4222,8.3783,6.5749,8.2593,6.9923,7.1948,8.5661,8.0104,8.1651,8.5146,7.9925,7.7893,8.2009,8.0992,8.3439,7.9978,7.4233,7.7956,7.4071,6.2561,8.5608,7.0492,8.4741,7.2397,7.4835,8.0866,8.0243,7.7196,8.4676,7.9194,7.5755,7.5766,8.4604,7.484,6.8478,7.231,7.9761,7.6932,7.3784,7.8646,6.7197,7.3598,7.8174,8.6039,6.9358,7.9706,7.1415,7.9759,7.2913,7.0653,7.4914,7.2429,7.8483,7.627,8.2005,7.6935,7.4899,7.9949,7.9095,6.6963,8.0703,8.6554,7.8542,7.6721,8.335,7.6692,8.0726,8.1372,7.529,7.2533,7.2427,6.4673,8.0667,8.1284,8.5932,7.8162,8.2279,7.4472,8.1283,7.6977,8.0261,7.8619,8.446,6.2054,7.2045,7.405,7.6117,7.9221,7.8919,8.0611,8.1457,7.2695,6.7458,7.4645,7.811,7.1616,7.975,7.9944,7.8394,7.7495,7.9721,7.6724,8.695,8.3736,7.352,7.9717,8.3811,8.4258,7.5053,7.4765,7.7178,7.3547,6.9974,9.1832,7.6794,8.6251,7.299,8.2861,7.8231,7.2161,8.2628,7.1076,6.1148,-9.9658,6.5656,7.5282,7.689,7.7103,8.0115,7.8445,6.6611,9.0772,8.0891,6.8359,8.3754,8.116,7.2847,7.9882,7.8366,8.3989,7.4366,7.2053,7.6673,7.7343,7.5853,8.6175,8.7513,7.8053,6.7017,8.197,6.6334,8.4862,7.2858,7.1432,7.004,8.0361,7.5176,7.8338,8.3507,8.0546,7.6711,7.3536,8.0912,7.5684,7.6431,7.7394,7.7702,7.5427,8.0944,8.8225,7.9021,8.4233,8.3738,7.616,7.2276,8.4439,6.2862,8.4601,6.8459,7.3044,6.7686,8.081,7.891,7.7903,8.0841,7.8165,7.7975,7.528,7.7513,7.5815,7.8962,6.5303,7.9471,7.8349,7.6274,7.5329,7.8428,7.0225,7.1534,7.4028,8.1213,7.3779,8.1809,8.177,7.7856,7.8718,7.3602,6.8,7.0213,7.7361,7.7645,8.5846,8.2164,7.3982,8.8355,8.1285,8.3467,6.7789,7.0828,7.7154,7.0468,8.1715,8.3478,7.8338,7.4259,7.3033,7.7818,7.7051,7.3047,8.0128,7.2382,7.8912,7.2224,7.9419,7.352,7.4516,8.3936,6.7734,8.4801,6.9601,7.3983,7.5918,7.8793,7.7072,8.3646,7.3182,7.9518,8.2357,8.0294,8.0443,7.7778,6.9302,7.345,7.4585,6.5396,8.3551,8.3012,7.068,7.3038,7.9421,8.0707,8.0689,8.4902,7.6887,7.6906,7.2411,7.932,8.0098,7.1273,7.7866,8.3757,8.2951,7.8703,8.5319,8.0009,8.2142,8.0116,8.6946,7.9919,7.8757,7.9067,6.5404,8.2151,8.4031,8.0039,8.0396,8.6861,8.3981,7.6363,7.3094,7.532,8.1651,8.6039,8.8755,7.9056,8.0631,7.9232,7.9891,7.8185,8.1155,8.0659,8.4674,6.8469,8.0084,7.4034,7.4265,8.1254,6.3873,7.7404,7.9854,6.4787,7.5849,6.1849,7.5413,7.134,8.2233,6.9674,7.6227,7.8726,7.8768,9.3995,7.8428,7.3872,7.1824,8.1056,7.7655,8.4126,7.9297,8.094,7.413,8.3402,7.6611,7.4074,8.4862,6.8262,8.7053,7.0317,7.5259,7.1094,8.2902,7.8983,8.4469,8.1505,7.7126,7.8187,7.3624,7.2805,8.0325,7.8579,7.1479,7.8065,7.6505,7.2974,7.6974,8.5792,7.5844,8.3268,7.4958,7.3248,7.213,7.4351,7.2502,7.9042
"CD2AP",3.3563,3.5224,2.5707,3.9166,2.3953,3.8136,3.4183,5.0104,1.8036,4.5534,2.685,1.4911,3.6405,4.7225,2.5112,3.603,3.2251,3.5387,3.9506,1.766,4.7236,4.7804,4.347,3.6089,3.0893,3.3061,3.1797,3.7919,3.5249,3.8973,3.1426,3.0376,2.9394,4.4751,4.5583,3.8935,4.4764,4.067,4.579,2.4117,4.7893,4.3848,3.9365,4.1078,2.6895,3.5411,3.2526,3.6905,3.8054,2.7805,3.4411,4.4216,4.1161,1.3454,3.2389,4.9905,3.1228,3.5559,3.4894,3.927,3.0671,3.4384,2.3251,3.87,4.4673,2.2931,2.3106,4.551,4.0506,5.2983,4.0304,3.0876,3.4424,2.5756,4.0462,1.8722,4.2951,3.3364,4.0189,3.6018,4.0287,3.4371,2.5036,3.1987,4.6071,3.7496,2.3394,4.3349,4.9012,1.7786,3.4197,4.562,4.4162,3.0893,4.2833,3.6703,2.6962,3.6861,4.1186,3.1045,3.1011,2.6805,3.3952,3.0654,3.6905,2.4908,3.0944,2.0465,2.1702,3.3148,3.1311,3.449,3.0876,2.3222,3.2677,4.0001,3.4661,4.2593,3.8075,4.3242,4.6282,3.0376,2.4225,3.9506,4.6611,3.7421,2.4701,2.2723,4.5286,4.0722,5.0233,3.2158,4.9955,4.2381,3.3591,3.4291,4.2958,3.5047,4.215,1.5612,3.6089,4.865,4.1883,4.1409,4.0816,3.6578,3.7529,3.8876,1.7954,2.5924,3.3492,2.2482,3.0287,4.6247,4.1244,3.0585,3.1637,2.8422,2.8661,4.034,2.9109,4.131,3.2034,4.1078,3.1892,2.7205,3.3966,3.2359,3.5387,1.9675,3.1212,4.352,3.1095,4.2758,3.6066,2.5011,4.4602,3.7571,4.2833,-9.9658,3.1908,3.3379,4.4088,3.5199,4.4457,3.1523,0.8488,4.7788,3.3163,3.0602,3.38,3.2856,3.3549,3.6463,3.074,2.2175,3.38,2.77,3.9792,3.3869,2.4675,5.441,3.4224,1.8564,2.8994,2.6185,3.8964,3.1637,4.7851,3.8993,2.4306,3.7846,2.5011,3.2781,3.8866,2.9544,3.7804,3.2959,4.3155,1.8036,3.6042,2.8542,3.7182,5.3527,2.6185,2.2872,4.3242,3.5136,3.3773,3.8054,3.8461,3.1491,3.287,4.0427,2.5112,3.4007,3.2297,3.4007,3.6793,4.4377,2.5188,3.695,3.2929,4.5236,2.3451,1.5366,4.6854,1.6327,3.4183,3.8541,2.1509,3.0876,4.4608,3.5212,3.0859,3.7496,3.2127,2.945,4.8768,4.0037,4.9458,4.5934,5.0717,3.9543,4.3848,3.6184,4.565,5.323,3.4984,2.9802,4.1186,4.8827,4.096,3.0723,2.183,3.5851,3.2189,3.3731,4.3772,2.8402,3.3856,5.0588,2.4386,2.9692,3.3206,4.1044,3.4894,1.4808,4.9805,4.1788,2.2144,3.3521,4.0515,4.0739,3.5473,4.3428,2.3788,4.2758,3.5559,2.9488,3.7204,3.8769,2.59,2.4805,3.2811,4.1684,2.3164,3.6804,2.496,2.9488,2.043,4.0216,3.453,3.6335,3.0876,4.3917,4.7022,4.8871,3.6612,3.7269,2.9167,3.6759,3.3591,3.7313,4.2088,3.1245,3.5682,3.7215,3.5899,3.9571,3.3717,4.0867,2.2543,3.9079,3.8866,3.5174,3.8905,3.5839,2.7721,2.8055,3.0842,2.8381,4.3191,3.9327,4.2563,3.4237,4.2134,4.1078,2.6161,3.2841,4.5085,2.8936,2.9432,3.4791,4.3177,3.417,3.0481,3.4609,3.5136,4.6485,1.8996,4.565,2.4117,1.7575,3.9318,3.3633,2.118,1.7229,3.4971,1.9675,3.4048,2.8482,2.5804,2.8582,3.8551,3.6543,2.8877,4.067,2.3732,3.8095,3.47,4.3807,3.1749,3.7335,3.2557,3.835,2.9167,3.2359,3.4237,4.7388,2.8301,3.3221,4.0909,3.2127,4.0935,4.4964,3.0654,2.7161,3.8808,3.3911,4.9175,3.2297,3.1475,4.1515,3.2944,2.2237,3.6793,3.3221,3.47,1.0847,2.8994,2.5137,3.8198,2.0979,2.6114,3.1028,3.4129,3.0757,4.3986
"DSTN",7.9215,7.5611,8.2879,7.2471,6.4483,6.7327,7.3809,7.313,6.4021,7.5468,6.8534,6.8421,7.1804,8.781,7.318,7.2163,7.8276,7.3415,7.0907,7.1294,7.2553,8.5677,8.3753,6.5086,7.2595,7.4798,7.3817,6.528,6.2003,8.0164,7.46,6.4532,7.816,7.7164,7.4317,7.9288,7.0303,8.1829,7.4757,6.5262,7.7722,7.3284,6.48,7.6671,6.1344,8.5711,7.6624,7.7495,6.963,7.5363,7.3481,7.0598,7.508,6.4075,6.962,7.545,6.6538,7.9307,7.1442,7.8181,7.5326,7.3653,7.9753,7.1564,8.3885,7.2799,7.0884,8.0245,7.9815,8.4881,7.3963,7.1444,7.6986,7.9278,8.1141,7.1732,7.9859,7.6699,8.1328,6.7494,7.6027,7.0896,6.8004,7.6243,7.6535,7.5042,7.5848,7.9165,7.7457,7.6438,7.6635,7.0787,7.9471,7.2048,7.9303,6.825,6.9435,7.6461,7.6262,7.9314,6.9281,7.5015,7.4599,8.0559,7.4878,6.8744,7.0157,6.7192,7.1001,7.145,6.3966,7.2644,6.3263,6.3994,7.8114,7.3023,8.3261,7.9469,6.7126,6.8939,7.239,7.0391,7.4787,7.3185,7.6317,7.8016,6.7491,6.9336,7.5916,7.9956,7.6014,7.8776,7.1447,7.4839,7.6845,8.7385,8.0281,7.529,9.1031,6.4572,8.1519,8.463,7.3058,6.9506,7.6264,7.4458,7.3711,7.6395,7.5307,7.0862,6.9383,7.4753,7.3993,8.1439,7.2511,7.9574,7.1488,7.3015,8.5043,8.1117,8.2068,8.1636,7.483,7.1037,6.7745,8.255,8.1795,6.6213,7.0158,7.5064,5.6291,7.9839,6.7862,7.2158,8.1921,6.8617,7.6957,7.8206,7.5107,-9.9658,7.1696,7.1783,7.1237,6.6205,7.4792,8.196,6.3209,7.3783,7.5302,7.2427,8.4668,7.3982,7.1792,7.7355,8.2663,7.3172,8.2816,6.6673,7.371,7.7141,7.5328,7.9571,7.9423,8.2007,7.3943,7.3757,7.4029,7.4512,7.2477,6.7691,6.901,7.6887,7.4194,7.4393,7.3048,6.8013,8.4982,7.5349,8.0366,7.5703,6.6703,6.0803,7.3491,7.7815,7.3603,8.1642,8.1803,7.1517,7.4587,8.1523,8.4328,7.1667,6.0288,8.0965,6.0376,7.5107,7.0216,7.493,6.6932,8.8738,7.3279,6.8763,7.6885,7.4895,7.471,7.0562,7.1014,7.2802,7.0033,7.6621,7.3076,7.3782,6.9436,6.6219,7.4949,7.2281,7.1261,7.1964,7.3318,5.5586,7.6796,6.5042,7.8664,7.2458,7.8017,7.3525,7.5199,7.6584,7.927,7.9018,8.0386,7.2214,7.1583,7.3627,7.4379,7.6665,7.6146,7.7981,7.8099,7.643,7.947,7.1075,6.6881,7.4754,7.782,7.7058,7.0174,7.7782,7.6959,7.2794,6.8176,7.235,7.6502,6.04,7.8352,7.8897,7.3011,7.9573,7.3502,6.9636,7.6995,6.8421,7.5831,7.8898,6.987,7.2179,8.5442,6.4029,8.0642,6.5337,5.0751,7.8037,7.8612,7.1216,6.9645,6.9985,7.5779,7.5134,7.3207,7.2836,7.6132,7.2339,7.647,6.2304,7.368,7.6819,7.5758,7.3018,7.7797,7.6801,7.1287,7.5705,7.5305,8.0653,8.0148,7.9006,8.1729,7.3899,8.2771,7.1079,7.3079,7.3302,7.7237,7.4631,7.2298,6.77,6.3663,7.4459,6.9835,7.8253,7.6358,6.8135,6.9411,7.4853,7.3956,6.9243,7.0482,7.036,7.3536,7.7947,7.629,7.184,7.7988,6.6305,8.0966,7.2411,6.9911,7.4495,7.7667,6.6424,7.52,7.5434,6.8403,7.8506,7.3,7.2635,7.2686,8.4102,6.7549,7.1166,7.4348,7.7355,7.4181,6.7685,7.503,7.6252,7.4518,7.3472,7.6939,6.958,6.9656,7.7626,8.0818,7.6693,9.3192,7.9278,6.3681,7.2459,7.1142,7.9971,7.7214,8.5303,7.611,7.7902,7.6888,7.4911,7.3136,6.7748,7.0187,6.5717,7.8383,7.5122,7.7745,8.4997,7.3671,7.3326,7.564,7.1098,7.9381
"FLNA",9.8682,7.7985,8.3133,7.5871,5.2902,8.5055,9.8123,9.2517,6.9911,8.2136,8.3955,8.2689,7.9247,8.7137,6.8591,8.0003,8.1315,8.3071,8.9345,8.4167,7.6308,8.4639,8.083,8.9745,7.3702,9.0443,7.5691,8.1621,8.7548,8.4052,8.6098,9.9382,9.4866,8.4109,7.5333,8.8668,7.4848,8.5682,7.9017,8.2532,9.2031,8.153,8.335,8.992,7.8052,9.3073,7.8482,8.9673,6.8337,8.6215,6.3751,9.114,7.994,8.1372,8.1384,9.0875,7.8669,9.2278,7.0345,8.2953,8.7149,8.6934,9.6602,6.8058,8.9399,9.4969,8.1374,8.469,6.9669,8.7136,8.5058,9.3979,7.5895,7.9989,6.7426,7.6887,8.4219,9.665,8.8946,6.6743,9.3138,8.1377,8.3469,7.8906,8.0318,7.8019,10.0377,7.3381,8.6369,6.0385,9.4927,7.9847,8.8097,8.3683,9.702,8.2363,8.8733,8.353,8.7585,9.1148,8.0659,7.8805,8.1605,9.9939,8.0699,8.0192,8.3069,9.0188,9.6497,8.6867,9.2791,7.7396,9.008,7.3188,6.5181,8.764,9.7876,8.8497,7.6076,8.7732,9.6512,7.9382,7.6388,7.8758,8.6632,7.2922,9.3095,7.1825,8.0903,8.5982,8.319,6.8563,8.2114,8.2687,9.3764,8.9973,9.3988,9.0039,10.0481,7.778,7.7926,7.9889,6.6116,8.6669,8.4882,9.1797,7.7213,8.0101,8.0208,7.7407,9.8587,7.8657,9.6927,8.4821,8.9515,7.716,8.8992,8.0921,9.4305,9.2666,6.9996,8.4014,9.3134,8.1654,6.8899,7.0526,7.0213,8.2531,7.7368,9.217,9.1797,8.7317,8.3803,9.2025,8.7993,7.9588,9.192,8.2239,7.3545,-9.9658,7.7589,7.8986,6.5664,7.7372,8.4687,6.5592,7.7112,9.1378,8.2488,6.7362,7.6777,7.2084,7.4073,8.6508,7.3592,8.6226,7.9672,7.8745,7.2875,8.9976,8.8826,10.0527,9.09,7.4266,8.7449,7.3683,9.052,9.0151,7.6175,9.0948,8.5977,9.2751,8.0808,8.1638,8.2648,6.957,6.816,8.5356,8.0045,7.805,8.9468,9.7503,8.2953,8.4455,7.4153,9.0251,7.3066,8.5696,8.3686,9.6288,7.7203,8.4272,8.6658,8.9423,9.0224,8.0344,7.4426,7.3314,9.6757,8.3387,7.1941,7.9885,8.4095,8.1304,9.5435,7.5677,9.3557,6.6582,8.5255,8.4458,7.5157,7.0079,7.7524,8.131,8.4092,8.4717,9.1212,7.1118,8.5644,8.5716,7.9149,8.3474,7.2126,7.9637,7.9476,9.2299,8.9714,8.0648,8.4911,8.1825,8.8135,9.0865,9.292,9.3357,8.1954,9.3892,7.7226,7.9909,8.2233,8.648,8.2378,8.1653,7.8425,7.9649,8.9958,8.8769,8.6882,7.4179,7.5104,9.2418,8.6195,8.4969,9.584,7.898,8.9208,8.2298,6.1181,8.7678,7.1394,8.2825,8.8418,6.4527,9.5647,6.9095,9.2527,9.2702,8.7672,7.9313,8.225,6.9004,7.774,7.7594,7.8505,8.0858,6.8432,9.5622,9.593,8.5333,8.9415,7.43,6.9866,7.6221,8.1934,8.9343,9.024,6.9651,8.1672,7.5969,8.307,9.3383,8.4102,8.722,9.378,9.3933,8.8303,7.2575,9.3407,6.7435,9.901,9.135,8.1119,8.8413,9.3956,8.4086,8.1335,9.0378,9.9661,8.941,9.0093,8.3296,9.3805,8.6563,8.7749,9.7398,7.7349,8.8309,9.0337,7.8805,6.9091,8.163,7.1165,7.9711,8.3555,8.0525,7.495,8.5575,5.7099,8.3513,6.0785,7.288,8.0184,8.2461,7.9938,5.5898,7.7929,7.2878,8.8062,8.4105,8.9585,9.4917,8.0654,8.4575,8.1243,7.8537,8.3961,8.9055,6.316,7.0365,9.1389,9.2524,7.7152,9.027,8.0118,6.7218,7.2012,8.785,8.177,7.463,8.4433,8.2021,9.0742,4.528,8.8143,9.6142,8.8677,8.4961,9.8476,7.012,8.704,8.0394,8.5127,5.3872,8.7313,8.4885,7.1369,7.4281,8.6325,6.5272,9.5276
"FLNB",5.6393,5.436,4.2766,6.2617,4.0198,3.928,5.7304,6.1418,5.1547,6.4989,6.3495,5.4162,6.192,7.4452,4.4156,4.7236,5.6422,6.428,6.0749,5.6568,5.5802,4.8585,6.5659,4.9103,5.3227,6.2246,4.8832,4.9855,6.1837,5.3431,6.1291,5.1416,6.2646,5.9773,6.1633,4.7903,5.8261,5.3136,5.5955,5.439,6.7755,5.8719,5.2373,5.5126,4.2892,5.8716,5.3399,6.488,4.6282,4.8274,5.8503,4.9905,5.7874,6.4675,5.1883,6.4182,5.3716,5.2865,6.2799,5.9265,5.3789,5.6106,5.441,4.6787,6.3491,5.6291,4.7143,5.9033,5.6473,5.7129,5.8027,6.0047,6.8383,4.8939,5.2691,5.5617,6.1609,5.8726,5.4132,4.5436,5.8761,7.0476,5.9549,6.9051,4.6999,6.3792,5.6485,4.2788,5.9023,5.2994,5.7271,4.7539,5.7801,4.8763,5.4922,5.4189,5.1211,4.8177,5.5024,6.1695,5.1651,6.6889,5.342,5.9454,4.9528,5.7104,4.9472,6.4263,7.256,4.5547,6.7226,4.9672,5.4819,5.3248,4.7263,5.1252,5.5283,5.0674,6.0097,7.1686,6.0086,5.8844,5.3618,5.8672,6.6808,4.9213,6.094,5.6676,5.5024,5.0475,5.3562,4.5085,6.1239,5.6719,5.6476,5.8701,5.8807,6.3656,6.6336,3.6635,6.1206,5.4333,4.1724,5.6591,5.085,5.3782,6.3649,4.8968,4.6456,6.8858,5.8299,5.1478,4.2533,5.4283,5.9862,5.2773,5.8222,4.3786,6.2073,5.9088,4.511,5.2184,6.0009,5.0466,5.3775,5.466,5.6186,5.599,4.5976,5.6445,5.8961,6.5706,5.5552,6.4381,5.8458,4.1019,5.6634,4.9308,4.3477,-9.9658,4.9458,5.761,5.2208,6.2286,6.2261,5.6893,4.889,5.588,5.4433,3.9765,4.8958,4.9547,4.1343,5.3089,3.4881,5.6781,6.2574,3.3192,5.2683,5.1575,6.1179,6.1307,5.8829,5.5037,6.4053,5.1543,5.2858,6.6924,5.8115,6.0486,4.5826,7.0284,4.6439,6.5337,6.0745,5.7126,4.4726,6.3234,6.353,6.0367,6.1121,6.2356,5.1914,4.8228,5.1619,5.8839,4.6508,5.4175,5.8169,5.9421,4.9787,6.3427,3.9783,6.2884,5.1433,4.245,5.8004,4.9317,5.2192,5.2304,5.1855,5.6071,5.5236,6.1202,5.935,4.9199,6.7061,4.7688,6.3053,5.533,5.878,5.0211,6.0717,5.5129,5.9023,5.2453,5.7355,6.2823,4.8079,6.729,4.9021,6.8861,6.5712,5.7071,4.9402,5.4909,6.0917,5.5916,4.3646,5.3548,5.6688,6.0985,6.0215,4.8978,4.4223,5.8248,5.0505,5.6088,5.4845,5.5895,7.0453,5.7309,5.5552,5.6665,6.3275,5.0032,5.8281,4.9108,5.6843,5.9941,5.3274,5.9465,6.0367,4.6,6.5286,6.2075,6.0743,6.1016,4.2833,5.0704,5.618,4.6838,6.2075,6.6256,5.4526,6.0499,6.0698,4.9801,5.0335,4.4067,4.3285,5.964,7.229,5.4213,3.8925,6.3363,5.0871,5.726,4.6514,5.1461,4.5693,5.3417,6.3477,5.2377,5.8063,4.1318,5.4774,5.9993,5.3473,6.4165,4.9987,6.1113,5.4644,5.7407,6.4663,5.3579,6.0414,5.383,5.6279,6.1293,4.7934,5.7162,5.5389,5.9549,4.5766,5.9236,6.153,6.1609,6.1029,5.2862,6.2246,5.142,6.1631,7.2223,5.9428,5.3565,6.325,4.9074,4.4823,5.206,3.2988,6.0312,5.5113,5.2327,4.3827,5.4532,4.3583,5.4787,4.9672,5.2173,5.5632,5.7074,3.6347,6.4874,6.5197,4.891,5.2698,5.104,5.2906,5.5348,6.3906,6.2296,5.4199,6.2044,5.5838,4.8866,6.6668,3.9412,5.2468,6.3584,5.1235,5.5766,4.845,4.511,6.1965,6.6326,4.2616,3.9137,4.2434,6.6914,6.1893,5.8758,5.2495,5.4526,5.3169,5.6637,6.1918,5.9593,5.6665,5.3302,5.2717,3.7193,6.0871,5.1281,4.5479,5.9908,5.1788,4.4067,6.5062
"INF2",5.572,4.5898,6.2765,8.533,2.5338,4.2803,5.5952,5.9331,5.1664,4.4529,6.6088,5.906,4.9184,4.3702,4.0696,4.9265,5.8819,4.9194,5.8792,5.3281,5.427,4.1676,5.2056,6.1667,6.4286,6.6353,4.8223,4.174,5.6522,5.7013,4.9369,5.323,5.9778,5.6398,5.4503,6.436,5.4506,5.4822,3.5098,4.835,5.4838,6.1973,5.3495,5.9732,3.8521,5.5943,3.3814,4.6428,4.5553,6.15,3.9801,6.1018,4.6628,4.9982,5.7318,4.8197,5.0739,6.1916,5.2365,6.3632,4.048,4.3206,6.2915,4.6071,5.9194,5.6291,5.517,4.4842,5.5671,5.4064,6.4077,6.229,6.0822,5.0717,5.2582,4.322,4.49,5.4094,6.0308,4.3744,4.5904,5.0081,4.6514,5.8738,4.8798,5.204,4.1069,4.8274,4.5021,3.7783,4.9814,5.8968,4.6838,5.5091,5.3597,4.7049,5.3643,5.2646,4.9284,5.6502,4.4977,5.3972,6.0479,5.3392,5.1708,4.4855,5.1827,6.0188,7.1802,5.8753,7.0434,5.8605,6.674,4.943,4.2358,4.0909,5.49,5.8258,5.3844,5.3427,5.5528,3.8391,4.7544,4.9486,6.4777,4.9924,6.6288,4.6776,4.7882,7.1626,5.811,3.5523,6.7909,5.1555,6.6892,4.5922,5.9282,5.682,5.5705,5.1211,5.5976,6.7918,3.8561,5.2691,6.0685,5.093,5.3699,6.8495,5.3147,4.9552,5.2091,4.6242,5.742,5.8525,6.5336,5.3324,5.7669,5.2972,6.1121,6.1607,3.6771,4.4074,4.853,4.845,3.5212,5.1173,5.5558,6.0601,5.6665,5.5528,6.0389,6.5768,3.8827,6.2118,6.7435,4.7976,6.4125,3.6635,4.6764,-9.9658,3.4543,4.6966,4.4483,5.2308,5.6927,5.3223,5.0335,6.4645,5.4182,4.0884,5.9437,4.3155,4.8131,6.1546,4.3378,6.527,5.1111,5.8342,4.6972,5.4715,4.3534,7.5655,6.154,5.2873,5.3667,4.6531,6.1338,6.4833,5.1248,3.1908,5.62,4.3133,6.1392,6.7074,5.1052,5.2407,4.2041,4.809,5.093,4.848,6.1948,5.8615,5.347,5.3785,4.6933,5.2825,5.2246,6.6197,6.1853,4.9626,5.054,5.3245,5.5323,6.1067,7.2589,4.3758,3.4596,4.1498,4.9855,5.797,5.3544,5.0592,6.5823,5.0374,5.2227,4.5243,6.4072,3.9765,4.8963,6.0193,3.3435,3.6486,6.1875,5.1002,4.7682,4.9065,6.5521,3.5449,5.8238,7.7684,5.3999,5.6235,4.8105,4.706,4.696,4.6537,4.8141,6.6723,6.1465,4.0926,5.1469,5.7576,6.6822,3.9308,3.7762,4.9322,3.9819,4.844,5.0462,5.2161,5.1827,6.7163,4.3371,6.3266,5.5626,4.359,5.1867,5.2153,5.9177,5.4598,4.8625,5.3862,5.9633,4.0144,4.4142,5.341,4.2691,6.7086,5.2342,3.7432,6.7659,4.5922,5.4728,5.8946,6.1508,5.2111,4.5417,4.2048,3.9636,6.3794,3.9346,5.1449,6.2882,5.0523,5.2361,6.5469,5.3565,5.602,6.0685,3.6983,3.2692,4.391,4.0619,6.2862,4.8822,4.3206,7.1967,4.7453,3.7898,5.8846,5.8652,7.5854,4.7866,6.013,5.0713,5.0045,5.6665,3.9847,6.1859,7.3576,6.0083,6.6973,5.359,6.621,4.425,5.8672,6.1701,6.0586,6.9208,6.9534,8.1764,5.9591,6.9387,5.7782,3.7992,5.3288,5.5179,5.4453,5.569,5.5925,3.5766,5.318,5.821,6.0466,4.6189,6.1123,3.5035,4.5632,5.7293,6.7849,6.2302,5.2765,3.8391,5.8069,5.5996,4.7088,4.5324,3.4477,4.4945,5.8014,4.2847,4.7635,5.954,5.4516,4.4189,5.7436,2.826,4.8846,5.8281,4.7767,5.5414,5.5904,5.2631,4.2995,4.2661,7.2557,5.0601,3.6266,6.2941,5.3906,6.3653,5.5717,5.248,5.8278,6.3667,5.1359,4.7263,5.4182,4.0748,4.5638,5.3187,3.1717,5.0964,3.958,4.4628,4.4196,4.8095,5.7605,6.2487
"IQGAP1",6.9278,6.342,5.7436,6.4806,5.765,5.6496,6.7455,7.0563,4.7523,7.2353,6.1902,5.1534,7.3814,7.0471,4.843,6.8596,6.1426,6.5275,6.5027,6.049,6.849,6.5345,7.5184,6.634,7.2447,6.761,6.1227,5.9709,7.1097,5.7203,7.3912,6.059,7.2385,6.8134,7.1196,7.5095,6.6865,7.6361,6.4585,6.0999,6.5543,7.4629,6.3816,7.1633,4.8284,7.3126,5.8805,6.1471,4.6583,5.5236,5.8035,7.0915,5.5352,5.3093,5.599,6.945,6.1546,6.5521,6.15,6.9665,7.0663,6.399,5.8448,6.4639,7.742,5.8505,6.5409,6.1037,6.9621,6.2889,6.5793,6.7075,6.7156,6.1161,7.6024,5.7211,7.3628,6.9695,7.0466,5.1235,6.0555,8.0091,6.8812,6.1301,6.5929,7.2961,5.709,6.0631,7.4683,5.511,7.033,6.443,6.4321,6.6869,6.6924,6.7355,4.63,6.6953,6.67,6.7907,5.5856,7.2277,6.1471,6.3246,5.1219,5.0122,5.6874,5.6699,7.5003,7.2941,7.0761,6.8035,6.8732,6.36,5.784,5.9357,5.8724,6.4617,5.7785,5.7679,7.7371,5.8963,5.2146,7.534,7.1948,5.5668,6.3562,4.1859,6.7943,7.561,6.4712,6.2269,7.4198,6.0536,6.8206,5.6837,7.0897,7.1175,6.4483,3.8808,6.2597,6.5059,5.5104,5.1784,6.9227,4.8885,6.9661,6.3436,4.1498,5.1985,6.4209,5.131,6.2928,6.1649,6.8268,5.9213,7.6957,6.4745,6.6475,7.3782,5.3719,6.9271,5.9706,6.1783,4.9477,6.6062,5.6416,5.8895,6.6526,5.8956,6.0995,6.998,5.6311,6.8569,6.7524,5.2036,6.7786,4.722,6.2273,-9.9658,5.0273,5.5148,6.3466,7.265,7.1241,6.5802,5.5104,7.8195,6.7286,4.3335,7.1729,7.1144,6.437,6.6822,5.1441,7.748,6.6949,5.7698,6.5089,6.6317,5.5841,7.0539,7.3372,5.3941,5.1465,4.3356,6.6941,7.9464,7.0582,5.2095,6.3829,7.2466,6.3027,6.7081,6.4761,6.2288,5.8905,6.2533,5.4323,5.347,6.4368,6.4791,6.8862,6.3102,6.0501,5.3234,7.0064,6.3036,6.9718,5.8893,7.1999,5.4125,5.5469,7.021,5.1772,6.726,6.5656,6.3604,7.4227,5.9826,6.5091,6.323,7.1506,6.8069,5.3299,4.2563,7.1149,6.9374,6.8957,6.4231,5.9519,6.0381,6.2525,6.2599,5.8792,4.7798,6.1956,6.3841,6.7561,6.588,7.717,7.0069,5.2865,5.7916,5.6531,5.6017,6.6579,6.8771,6.2321,6.797,6.8913,6.8149,6.5209,6.1524,4.3335,6.6122,5.6053,6.3516,6.2234,5.4983,6.7982,6.6377,6.4019,6.8088,7.3866,6.1869,6.9307,5.936,6.7866,6.8447,5.051,6.2419,7.6646,5.0383,6.7629,5.504,6.669,6.7252,6.2593,6.0242,7.1537,4.6983,6.0534,7.6482,6.2196,6.1767,5.4327,7.3514,6.1215,5.2586,4.3285,6.6798,6.7118,5.5874,6.4769,6.7185,6.7014,6.7674,7.1758,4.7323,5.8807,7.1635,6.73,6.4668,6.2097,5.9894,6.6229,5.8871,5.3695,7.5333,6.2377,6.8489,5.3227,7.1027,7.1486,6.7648,6.5603,5.0717,6.0005,6.8485,6.7107,6.997,6.7455,6.8398,6.3011,4.9505,5.6792,7.1366,5.5847,6.4923,6.5947,6.4565,5.7088,7.6101,5.6818,6.2649,6.5146,6.4917,5.9374,6.8181,5.4303,6.4872,6.2147,6.4308,4.9407,6.5935,4.3364,4.4569,6.1683,4.976,6.7381,6.2157,5.3692,4.3793,6.737,6.0678,6.4108,5.3882,5.1339,7.46,6.4111,6.4507,6.1536,4.4223,6.0917,5.5311,6.351,5.7209,6.8881,7.5411,6.2365,7.2485,6.312,6.3539,5.5763,7.723,6.1175,5.3313,7.1949,6.6581,7.2107,5.753,6.5325,7.1748,6.7655,5.0126,5.7274,6.0059,5.84,3.66,5.5907,5.4871,5.3374,5.7554,5.6439,6.56,6.1815,5.7328,7.0947
"MYH10",4.9208,5.4575,5.2196,4.9369,1.4756,2.0289,5.9821,6.1705,3.0978,5.0321,4.0127,4.0313,3.3003,7.2046,4.7645,5.6238,6.3254,4.7209,4.9814,2.9432,4.9251,4.6154,6.4714,4.4667,4.533,6.1332,4.1409,1.7702,5.1227,6.0974,4.3896,4.3779,6.7397,3.6289,4.3779,3.2328,3.6428,4.433,4.9012,3.0723,4.6329,4.9996,4.0824,5.439,4.7719,6.2732,3.1426,3.5994,3.2389,3.2328,3.4609,4.6798,5.4226,0.9789,4.6793,5.4722,3.9774,5.6871,4.5355,5.2044,3.0287,4.7991,5.6047,2.8502,4.6742,3.7529,4.026,4.8238,3.6184,4.4108,4.4977,2.8799,2.6302,4.0037,4.9887,3.2929,4.1078,4.421,6.8007,1.6374,6.1098,3.6928,4.3972,3.8289,3.6838,3.5136,3.1523,4.0153,6.2377,1.9638,3.3321,4.5034,5.0549,3.6077,5.3299,4.443,3.7215,5.9549,4.6445,4.9874,2.8877,2.8858,5.8433,3.4713,5.442,4.0858,3.2766,2.4934,2.7615,4.8304,4.4983,4.6,4.7924,1.8683,3.8611,4.3632,4.1748,5.7088,5.3173,6.6183,6.5827,3.0199,5.302,4.2064,5.0905,3.7313,5.1796,3.5287,4.0207,4.7367,4.2056,3.2722,4.7613,5.3035,4.47,4.3646,4.1788,5.0018,4.2419,1.9377,4.2373,4.8881,4.2862,5.1277,6.0811,5.1359,4.2312,4.7804,2.8602,3.5287,4.6821,2.1988,5.2687,5.7063,6.5492,4.0419,3.3119,4.5479,5.7126,5.2335,3.0305,4.435,5.1293,5.5239,3.2959,2.4144,4.6617,5.7271,3.7529,0.9642,3.652,4.232,3.8531,5.0023,4.4634,1.2516,5.0317,4.3938,1.9786,-9.9658,3.9856,2.5313,2.7183,4.0593,4.4236,1.8957,3.4778,5.3082,5.7496,4.9036,5.2142,2.9375,2.3536,5.295,4.4033,4.6742,4.6577,2.5112,4.6177,5.7824,4.7714,6.8877,5.3502,3.4437,5.4463,1.125,4.1708,6.0215,3.4583,3.616,2.5462,5.1334,3.9626,3.8808,4.6159,4.4628,4.3133,4.8714,6.3432,3.8964,5.445,4.1078,4.6195,6.577,5.0277,6.1274,4.546,5.0184,2.7931,4.8197,5.8654,3.7794,4.4615,6.2046,2.7721,3.7248,3.5766,3.4504,4.7893,4.8924,3.492,3.3506,4.1145,5.7793,5.1591,3.9617,5.3452,1.0079,3.9232,4.8615,2.8622,3.5827,5.0709,3.3535,3.869,3.6657,6.2987,4.3155,4.1668,5.1006,4.8053,4.7772,5.2238,3.2343,5.2983,2.3871,4.1708,4.2533,3.3206,2.7847,5.7666,5.9987,4.2803,4.9621,3.7688,3.3407,4.4243,6.4728,5.4634,3.3605,4.3413,4.1036,3.644,3.5911,4.7027,4.4033,4.7565,3.793,3.5535,5.6159,4.421,4.2343,4.9444,4.5916,3.9079,5.1339,3.3869,6.357,4.0082,4.9695,4.6136,3.5572,3.9487,3.7582,4.0807,6.5403,2.6487,4.9079,3.245,2.7784,2.5683,4.7507,5.126,6.3681,3.2647,5.9507,4.9631,6.6978,4.1036,4.9575,1.9264,3.3745,5.9308,4.7898,5.037,2.2144,4.3758,3.5149,5.0436,4.8033,4.8832,5.2052,3.4061,6.2886,5.2491,4.9937,4.0985,4.7809,3.7804,4.4149,4.856,4.7154,5.0743,4.8115,4.8525,3.1294,3.6861,5.393,2.6208,3.1669,3.5657,3.0533,5.1392,4.3827,5.7228,5.1144,4.0064,4.6177,3.8739,4.0488,2.0776,5.9352,3.7699,2.3649,4.4263,3.5149,3.1717,2.8402,2.5876,3.6804,5.0553,5.7594,2.9281,1.8801,3.603,3.0927,5.7134,5.073,2.945,4.1392,4.748,5.3593,6.2071,5.7929,4.2684,3.7646,4.0799,2.5536,3.8126,5.3284,4.0046,4.0233,4.1875,4.3009,4.5117,4.9805,3.7215,2.77,4.2088,3.9847,5.4909,3.4197,4.8059,5.2169,4.5614,3.944,3.5187,4.2571,4.7576,3.616,4.4529,2.4439,5.407,4.5021,2.4117,3.1011,4.2906,2.299,7.5573
"MYH9",7.8848,6.2283,6.6088,6.9897,4.468,5.8555,8.3645,8.4769,5.7269,7.7034,6.5508,5.7187,5.1194,7.3015,4.6866,7.1138,6.1581,7.0261,7.6925,5.9614,8.1087,8.1183,7.5814,6.8577,6.4363,7.6093,6.7229,7.2298,8.5564,6.6985,7.2543,7.5049,8.6655,7.0391,6.4338,7.9494,6.7683,7.9871,7.3117,6.5517,7.3733,7.547,7.2862,7.4114,5.1579,8.1354,6.9351,6.7553,4.6106,7.3641,5.8171,7.8389,6.9442,6.0449,6.8454,8.0041,7.3406,7.8594,6.1831,7.1216,5.7285,7.7037,7.8167,6.1581,7.6511,7.3384,6.9089,6.8994,6.4229,7.2372,8.3087,7.4341,6.211,6.6716,8.7282,4.9294,7.8651,6.8543,8.1864,5.0423,7.4048,7.9812,7.3299,7.5724,7.7196,5.6907,7.2931,6.9103,6.3503,5.2075,7.1853,6.6162,7.2479,6.817,7.5598,7.9003,5.51,6.7685,7.8389,8.1923,5.3622,6.6748,7.299,6.6974,8.0985,4.9584,6.6358,6.7384,7.373,7.6878,7.2473,7.0299,7.3918,5.6177,6.3886,6.2277,7.9089,8.0335,6.5298,7.5831,8.6424,7.2387,5.6508,6.4454,7.1899,6.7034,7.4774,5.4006,7.8644,7.3282,6.8397,5.6471,8.1186,7.1637,7.7878,6.5103,7.9021,8.2501,8.4648,4.2743,6.7544,6.7045,5.9208,8.3511,7.113,7.2978,7.4394,6.7188,5.6648,6.4829,7.9735,4.9607,8.2118,7.3688,8.1431,6.7171,7.4319,5.314,7.5236,7.7988,6.0259,6.9221,7.8245,7.7262,6.1995,4.8017,6.4944,6.5154,6.9131,6.8155,5.8199,7.2587,6.2128,7.4756,7.3902,5.7005,8.8658,7.7739,5.6996,-9.9658,5.4909,6.0577,5.0023,7.1626,7.5696,5.6705,5.4864,8.5312,7.4615,5.2468,7.7496,6.3658,6.3618,6.905,6.131,8.0305,6.761,5.3834,7.3311,8.1306,5.6005,8.1028,7.8019,5.9883,6.6971,3.6883,5.9593,7.7973,6.2231,6.8372,5.6343,7.2592,7.2675,7.1096,7.1621,7.3808,5.7299,6.8846,7.7723,5.61,7.4684,6.316,7.3594,6.8103,6.898,7.1449,7.4304,7.3618,7.3565,6.5154,6.598,7.9789,5.9222,8.1158,5.438,7.2531,6.6544,7.2091,6.6282,7.3882,6.3411,6.6581,7.2911,7.1674,6.9296,6.2897,7.9822,4.4977,7.3703,7.0938,6.2865,5.9105,7.5002,5.8802,6.0773,5.4957,8.5004,7.1883,6.6025,7.0624,7.5399,7.0128,8.18,6.9876,6.7478,7.4234,7.3687,8.1182,6.0796,7.725,7.9196,7.6184,6.983,6.7573,5.5411,7.0054,6.3595,6.8814,8.3223,6.3891,6.7703,7.0033,6.6054,7.0064,6.5557,6.9623,6.6974,7.4104,6.8503,8.4638,7.1294,6.9406,7.4865,5.9919,7.5062,6.9464,5.8635,7.6308,6.5863,5.4033,7.408,4.8197,6.1268,6.1705,7.4046,7.9145,6.1225,5.9577,5.6642,5.8667,6.3187,7.4621,7.3655,7.412,6.9953,8.5683,8.0522,7.8936,7.5502,6.9886,4.1482,6.5011,6.5845,7.9635,7.7987,5.7806,7.962,6.9691,6.4057,7.1519,7.6738,7.5925,6.8419,8.7239,6.7119,7.367,6.9515,6.1681,6.9687,6.968,7.7125,7.5471,8.4595,8.2065,6.7506,5.8934,6.4983,8.0411,6.8872,6.348,7.6623,6.6128,7.4163,8.7609,6.8187,6.0655,7.1664,7.9082,5.779,6.8648,5.7722,7.1132,6.121,5.2396,6.3252,7.0727,3.6301,5.9812,4.481,6.0081,6.2491,7.7342,7.1041,6.2044,6.5303,7.0363,7.3041,7.0675,6.3313,6.5863,6.6069,7.4331,6.9448,6.9346,7.3976,6.559,6.2292,5.4286,6.3894,7.4775,6.0468,7.6956,6.1873,6.6839,6.7938,7.3319,6.0792,5.1643,6.5149,7.6903,7.5919,6.6551,6.051,7.4595,7.5916,5.3681,7.3053,7.0038,6.5295,5.4631,5.8533,4.2586,7.1802,6.5638,5.9789,5.8968,6.7839,5.2732,7.8358
"MYL6",10.8088,12.394,11.3646,11.5653,10.9825,9.6059,10.5615,10.6027,10.8776,10.1446,10.245,11.4697,11.0206,10.642,11.1449,10.4564,10.2622,11.0189,9.9515,11.4431,10.0215,10.7832,11.052,10.2815,9.718,10.4395,11.1262,11.3092,10.6901,10.6108,11.1865,10.2177,10.2748,10.8482,10.8806,10.3487,10.4725,10.7228,11.3101,10.3394,10.6139,10.9713,11.6833,11.0311,10.2157,11.4774,11.6709,10.5555,11.3279,11.2259,10.0378,10.3974,11.9945,11.7281,10.4899,11.0362,10.8197,10.8386,10.1068,11.1363,9.741,10.4647,11.3029,9.8241,10.9728,11.2507,10.4639,11.3541,10.733,11.5775,10.443,10.3527,10.7177,10.8636,10.905,11.649,11.8417,10.9758,10.8284,10.7713,10.2928,10.4903,11.3081,9.9216,11.0687,10.861,11.7404,10.4985,11.1372,11.0971,11.8125,10.5634,10.4548,10.7909,9.9971,10.2117,11.0347,10.4075,11.8115,12.4581,10.0679,10.1114,10.9886,12.1201,10.8824,10.6445,11.0506,10.7483,11.239,10.6178,10.3143,10.6641,10.8362,11.8486,10.5213,11.1161,11.6201,11.0889,9.4296,9.3839,10.6892,10.2912,10.3098,10.9436,10.9296,10.2423,10.6924,10.8501,10.899,10.9944,10.798,11.3719,10.9443,11.5389,10.8207,11.0984,11.0976,10.0751,12.0005,11.4276,10.5949,10.9761,10.5517,11.8531,10.3753,11.2961,10.3159,11.1242,11.6384,10.5946,10.8666,12.1363,9.9451,11.1351,10.3959,10.893,11.2256,10.8277,10.988,10.3215,10.9901,11.1608,11.0049,11.6244,9.4686,11.2394,10.7936,10.1759,10.4264,10.5873,11.5521,10.1074,10.565,10.9841,11.6061,10.7297,10.536,10.7246,10.2985,-9.9658,9.5699,10.304,10.0901,9.8986,10.8775,10.5443,10.4819,10.3566,10.2242,11.3208,11.2473,10.4385,10.7893,10.8428,11.0621,10.9906,10.6253,11.8245,11.003,10.5587,10.9649,9.7301,10.4375,11.4466,11.0977,11.8303,10.4266,10.6354,10.9364,10.9331,11.7233,10.7795,11.3342,10.3705,11.5036,10.8592,11.7078,10.944,10.2463,12.4874,10.8854,10.9779,10.5504,10.8209,11.0658,11.3027,11.5771,10.3874,11.6993,11.8665,9.8657,11.2255,10.1845,10.9939,10.9097,11.0735,10.6194,11.4914,10.7884,11.0439,11.005,10.3896,10.0906,11.1005,10.042,11.1129,9.8681,10.7361,10.475,10.9792,12.1058,11.5911,10.523,10.6423,11.1112,10.2317,11.3772,11.6338,11.2885,10.8668,10.8265,10.3641,9.5654,10.6328,11.5109,10.263,9.8001,10.4712,11.6248,10.6413,11.3324,11.4132,11.4712,11.2142,11.5395,11.1472,9.8079,10.2627,10.8422,10.9698,10.1301,10.4175,10.3885,11.234,10.0325,10.4214,10.977,11.1901,10.3599,9.7734,10.2284,10.9878,11.444,10.3155,11.5917,10.4216,10.3645,10.7969,10.7453,10.1279,10.7652,10.8299,11.875,10.4236,10.1685,10.8137,10.4709,9.7825,11.5974,11.4377,9.5192,11.0108,10.985,10.3276,10.2601,10.5114,10.7221,10.2305,11.1039,10.3755,12.2454,11.23,9.5617,10.2899,9.9119,11.9736,10.9396,10.2701,11.6343,10.7358,10.5599,11.3761,11.0041,11.0472,11.1885,10.8285,10.1859,10.6148,11.1126,11.1106,10.9714,10.4584,10.2534,10.0951,10.4527,10.6342,11.0053,10.8293,12.1608,11.7779,11.6838,11.1507,12.0164,11.4363,10.707,10.2353,10.6408,11.0698,11.2446,11.2712,11.6083,10.5326,11.9418,11.2986,10.9969,10.4245,10.1594,12.0748,11.0246,11.6315,11.0376,10.7461,10.0234,10.9252,10.5502,10.2412,10.3666,10.5236,11.1558,10.1633,12.1261,10.0836,10.9597,9.2202,10.8603,10.1159,11.7694,11.2782,12.4132,11.5719,11.056,10.8059,11.3361,11.7018,11.2658,10.8645,9.8148,11.6134,11.3042,10.6199,10.5017,11.2396,10.9247,10.668,11.0174,11.9739,9.9189,9.7354,10.4408,9.937,11.6717,11.6661,9.7054,10.7563,11.3739,11.6069,10.6597,11.6073,10.3013
"PDLIM1",7.8626,7.6856,6.6829,8.5286,4.7474,4.6381,7.2352,7.257,6.348,8.3044,8.6063,6.3212,6.816,6.7003,5.8922,5.7634,5.257,6.8521,6.0286,7.8502,5.8268,5.2773,7.2992,6.9319,6.0934,7.2984,7.8553,5.8583,6.0531,6.4626,4.5946,5.5665,6.9075,7.624,8.0152,6.8544,7.3797,7.1967,8.1399,5.5814,6.1416,6.1747,4.9322,6.5159,6.3071,8.2599,5.9789,6.1977,6.2555,7.8541,7.5103,6.6348,7.6454,7.1943,6.1713,7.6616,6.7241,6.9668,7.4949,9.0678,5.6032,6.7176,7.4783,6.0953,7.2415,7.1628,7.6883,6.8986,8.7183,7.389,7.7812,6.6032,6.5787,7.7595,6.5661,7.7242,6.9049,6.5652,7.5076,5.6038,7.7516,7.3155,7.5022,6.5947,7.0526,7.1501,7.6431,6.3368,7.8675,5.7173,8.034,7.663,6.12,6.4217,6.9507,5.2091,5.43,7.7357,7.383,6.6806,5.5961,5.9014,5.7864,7.6968,7.0384,7.3627,6.4024,7.4106,7.2834,6.4936,6.3477,6.5563,7.5958,5.5208,6.2384,7.6652,7.5488,7.9134,6.8027,6.9592,7.3467,6.2424,7.7865,7.2604,7.6663,6.1287,6.0099,6.3343,6.6772,7.1227,6.5151,6.4502,7.1656,7.2346,5.523,7.3604,6.1717,7.3052,5.5922,5.905,7.5789,6.4796,5.7401,7.1797,7.0895,6.7977,7.0274,6.8806,7.523,7.1754,6.7355,6.9198,5.2111,8.738,7.6196,7.419,5.383,6.689,5.6744,9.2181,7.7979,6.6853,7.0563,6.7104,6.3665,6.4318,6.2887,3.728,7.8662,5.6416,6.8617,7.3365,5.9812,6.8407,7.4928,6.0186,6.9422,6.8528,4.7549,-9.9658,6.5866,5.4608,5.764,6.7115,9.009,6.1223,5.0833,6.0978,7.8867,6.3574,7.2139,5.8342,6.0146,7.7628,7.2656,7.2751,7.8441,6.6875,6.295,7.0958,6.6571,7.0015,6.6228,7.3195,5.5264,5.9331,7.5758,5.8319,5.7388,7.1372,7.5341,7.28,7.5305,5.5999,7.3075,6.3711,6.0955,6.7934,7.1828,5.9117,6.5266,6.749,6.8114,7.9776,7.2074,5.278,6.9847,6.321,7.9664,7.2213,7.7597,7.72,6.7097,5.9255,5.9778,7.0526,7.1032,6.2149,7.9968,4.4061,6.958,7.2338,7.7112,6.5709,6.3178,6.4678,7.5655,6.6066,8.2596,7.2071,6.9319,6.1272,7.4497,4.2669,7.037,7.1975,6.816,6.5895,5.8873,6.7125,6.4082,6.5061,7.4086,6.1314,7.0844,5.9348,7.3348,7.4862,6.6841,6.5687,5.9616,5.2858,6.6542,6.7032,6.3842,6.4026,7.2082,6.291,7.32,7.6243,6.857,6.6902,5.4598,6.9535,7.1382,6.2847,6.8615,6.5151,6.6902,7.6327,6.7043,5.298,7.0138,5.9647,6.1408,7.6085,6.5002,7.6625,6.1268,6.3228,7.4235,6.283,6.4177,7.8714,4.8022,7.6307,6.6452,5.6741,5.5568,6.357,4.9773,6.1727,7.5268,6.281,5.7055,6.9368,7.145,7.5229,8.4396,7.5666,4.7645,4.9969,7.4262,7.233,5.0601,5.3147,7.4101,6.7218,6.6304,6.9164,5.7853,5.8033,6.0043,6.723,6.8285,7.601,6.2081,6.6041,7.1942,7.3631,7.0462,7.2491,6.6326,7.1929,7.4769,6.8958,5.5519,6.6673,7.739,7.7243,7.1656,6.2865,8.4349,5.1123,7.3121,6.5382,5.2589,7.9183,7.2381,7.9411,5.1044,6.5135,6.9406,6.2502,6.102,5.5787,5.85,8.8831,5.4175,6.4816,7.6569,6.8891,6.8108,6.235,5.4555,4.5778,5.9894,6.8101,5.8022,6.3745,6.7502,6.5803,6.9698,7.0066,7.0093,7.4403,7.297,5.5392,7.5621,6.5818,7.4837,7.0147,8.0135,8.6222,5.9374,6.6712,6.3422,5.682,7.591,6.9823,7.9326,6.0599,7.499,6.9542,5.8402,6.5998,7.9117,6.1569,5.4536,6.7702,7.4929,5.7005,6.2722,5.9236,6.2533,7.6165,6.8307,6.5292,7.397
"SLC7A11",0.0158,-0.0877,-0.9686,-2.3147,-1.5105,-1.2142,-1.685,1.3454,-1.1488,-0.4719,-2.3884,-0.4521,-0.1345,0.1124,-0.7108,0.4125,-1.5951,-1.1811,1.5115,-1.9942,1.105,0.6332,0.3231,3.1669,1.2516,1.2209,-0.2159,-1.4305,1.6281,-0.8339,-1.7809,-0.1504,1.0915,0.0854,1.2085,-1.2481,-0.9686,0.1388,0.7407,1.9073,-0.1504,-0.5332,1.105,-0.4521,-2.8262,0.6969,-0.4131,-0.1828,-0.9686,2.3732,-3.816,2.4359,-0.1993,-2.0529,-0.2328,1.6785,1.7744,-1.6394,1.6604,-1.9379,-1.0559,2.5238,-0.7346,0.2029,1.7954,-0.3566,-2.6349,1.2696,0.03,-0.7108,0.7999,-1.1172,-0.3566,-0.7588,0.044,-0.9406,0.5763,0.7832,-0.9971,-1.5951,3.1701,0.0718,2.0979,-0.1345,-2.0529,2.7508,-0.0574,-1.1811,-0.394,0.2277,1.2696,-1.1488,-1.4305,-1.3921,1.5366,0.9268,-0.5543,1.9302,0.7832,1.3791,0.9115,1.9895,2.6602,1.2992,1.0007,-0.7834,-0.1504,-0.6643,3.3148,1.177,0.1776,-1.0559,-0.394,-1.2828,-0.5332,1.9895,1.9111,0.3685,2.9655,2.9802,0.3685,-1.4305,0.537,-0.3383,0.7579,0.058,0.4967,1.1641,1.7786,1.2875,2.1476,-0.5125,-0.0574,-0.9406,-0.0574,-3.3076,-0.1665,1.1897,-0.013,-1.5522,-0.7588,0.4967,-0.5756,0.2029,1.3901,0.3231,1.1382,0.9038,-2.7274,2.6579,1.7097,0.1388,2.1798,-0.1504,1.9034,0.1257,3.5706,0.3231,0.4865,2.376,0.547,1.2085,1.3283,-0.6873,-2.7274,1.3901,2.183,0.099,-0.5332,-0.3752,-1.7322,0.4761,-0.8599,-0.7834,1.7954,0.058,-0.2159,0.5271,-0.0574,-9.9658,-0.9132,-0.4325,-0.4325,-0.0877,0.5763,-0.7108,-0.0574,1.1184,-2.4659,-2.7274,-1.3548,-0.9971,0.6145,0.9191,-0.5125,0.1776,0.7146,-1.3921,0.1519,1.0983,-1.2142,2.7073,0.2522,0.2029,4.0118,-3.6259,0.7748,-0.3022,1.4962,-2.8262,0.3573,0.6608,-0.3752,2.3564,1.3679,1.7141,-1.8836,1.614,0.058,0.8488,-0.9406,0.5271,0.3231,-0.2328,-1.0862,-0.0425,1.6695,-0.4921,0.8883,-0.6873,-0.3022,0.2522,-0.7834,-0.9406,-0.4921,-0.1345,1.4962,2.9375,-1.3548,2.7972,0.9268,2.8522,1.9415,-0.0574,0.7748,0.1388,3.1228,0.8726,-0.1993,3.6195,1.5612,0.346,1.2815,1.177,-0.9406,-2.1779,-0.013,1.1641,0.679,1.9415,2.1541,3.2692,1.0847,1.1833,2.0878,2.4779,1.0642,1.0007,0.6608,1.1577,-1.3183,1.0151,2.2723,-0.0425,-3.3076,0.688,-0.8599,-0.8863,-0.1828,0.1903,0.8805,-0.3752,0.517,3.154,0.4016,2.6693,-0.9686,-0.7834,0.8164,-0.394,-0.0277,0.8488,-0.6873,-1.0559,-0.1031,-1.5951,0.099,0.3115,0.547,-1.4699,1.8363,-0.8339,1.3791,2.8076,0.8647,0.9789,4.5705,-1.3921,-0.6416,-0.4921,-1.0862,-0.1828,1.5758,-0.7108,0.1519,2.2237,1.0573,1.4911,0.3796,1.0642,-0.9686,2.6185,3.0305,1.3791,2.7336,1.3051,0.9789,2.6302,-1.1488,2.3251,-0.394,2.3423,0.03,-0.8084,-1.1811,1.6695,-1.6394,-2.8262,0.8488,-0.3022,0.6517,0.03,1.0079,3.1294,0.8408,1.2992,-3.816,2.1798,-1.1811,-1.5105,1.1447,-0.4921,0.7493,3.1393,-0.1504,-0.6416,1.1897,0.7999,-1.4305,-0.1031,-1.9379,1.6374,0.3796,-0.3566,-0.6416,-0.6193,-3.1714,0.4233,0.0014,-2.5479,1.4911,1.2271,-0.4325,-2.4659,-0.394,2.3222,-0.0277,1.2636,-1.1811,0.3573,2.561,-0.3383,-3.458,-0.7588,0.9268,0.7916,1.0711,1.3679,3.2065,-1.3183,-0.9971,0.1257,2.9205,0.4761,-1.6394,-0.0574,-0.0425,-0.1665,0.8488,0.1388,1.2815,-0.4325,-0.5125,1.1316,0.2762,-2.9324,1.6187,3.1344,0.0158,-0.9971,-0.9406,-1.7809,2.7073,-3.458,-0.1187,0.5763,-0.5756,-1.7809,0.5069
"TLN1",6.7846,6.3735,6.8075,6.4783,4.3104,5.4591,7.6444,7.9605,5.0014,6.7683,6.4917,5.8893,5.0497,7.1642,5.1768,5.8615,5.7393,6.833,6.8437,5.723,6.6495,7.3706,7.0897,6.6486,5.5466,7.4635,6.4217,5.4239,7.2266,6.9846,7.1429,6.133,7.438,6.302,6.7946,6.4822,5.9317,6.7613,6.2365,5.2702,7.4253,7.8422,6.2481,6.8053,4.7835,7.5205,6.6125,7.0394,3.8808,7.0536,5.7453,7.438,6.6137,6.0503,5.916,7.5384,6.4335,7.3701,5.7926,7.1661,6.2032,6.0581,7.4406,5.7983,7.3134,6.5998,6.0536,7.2532,5.7748,6.5178,6.9911,5.2657,6.4478,5.4634,6.1755,5.6212,8.0995,6.9291,7.5508,4.3848,7.2295,6.6478,6.4678,6.4009,6.7939,6.5662,6.3731,6.527,5.9435,4.6966,5.3999,6.5002,6.8247,7.2915,7.1688,7.8832,5.1579,6.6191,6.743,7.9362,5.1081,6.2897,6.1217,5.4864,5.864,4.8983,6.242,6.7027,6.4634,7.5567,7.6054,6.9439,6.6275,5.7703,5.6528,6.2176,6.1887,6.9962,6.1536,7.9621,7.9941,6.8329,5.1989,6.0186,7.2579,6.2826,7.4866,4.4384,7.4139,6.7296,7.3457,4.5669,7.6264,5.7788,6.9896,6.0319,7.6366,7.2384,7.1117,4.2312,6.9584,7.1826,5.542,6.8249,7.3311,6.7747,7.4119,6.0424,5.6445,6.24,7.3207,4.756,6.3535,7.266,7.6589,5.9475,5.7858,6.3785,6.0202,7.3421,5.2017,5.8868,7.4685,6.5926,6.3539,5.3306,6.7987,7.0267,6.4619,6.8901,5.3491,7.3803,5.374,7.192,6.1869,5.1732,6.8954,6.1433,5.5979,-9.9658,3.9232,5.2965,3.6725,6.6141,6.5018,5.2694,5.2529,7.4479,6.732,5.1322,7.1126,5.5438,5.684,7.2091,6.275,7.0462,6.2889,5.2277,6.5378,6.3448,6.1522,7.087,7.279,4.8105,5.6367,5.6294,5.7918,7.4234,6.2631,6.5337,5.5314,7.3178,6.3129,6.488,6.1803,6.191,5.0166,6.0747,6.516,5.6699,6.6008,6.4806,6.3176,6.8407,6.3581,7.6059,6.5141,7.0934,5.8192,6.5418,5.5952,6.7894,6.6285,6.9047,4.9416,6.3038,6.7171,7.3539,7.2102,7.1277,6.0323,6.6424,7.0651,6.4057,6.1669,5.1289,6.9828,5.0635,6.9432,6.6475,6.5149,6.1281,6.5314,5.2717,6.0747,5.4155,7.0016,7.047,5.9752,7.9494,6.2557,6.4488,8.1798,5.6139,5.5699,5.9944,6.1227,7.64,6.1775,5.0879,7.5495,7.1418,6.9251,5.8159,5.4542,6.0642,6,6.9136,6.9718,5.8395,6.2911,7.0747,5.5693,5.8664,5.6921,6.7309,5.5916,6.8306,6.9255,7.7206,6.4888,5.9552,7.3188,4.8253,8.0602,6.8595,5.2943,7.2983,5.9663,5.3699,6.6118,3.6657,6.7324,5.8605,6.7408,7.0297,6.5347,4.9542,4.9496,5.9117,5.3875,6.9788,6.8605,6.0964,6.1142,6.9976,8.0833,9.2687,6.6645,5.6291,4.0601,5.4542,7.3366,7.819,6.9551,4.47,6.4219,6.9004,6.3361,6.9912,6.4405,7.3108,5.9759,7.3902,6.8238,6.5741,7.1504,4.4732,7.1073,7.2645,7.2247,5.9535,7.2309,6.7614,6.3219,5.2821,5.8627,7.5237,6.6639,6.8176,7.5879,6.9329,6.4788,7.5553,7.7469,6.1815,7.0816,6.9712,5.7159,6.4295,4.8182,7.057,6.1123,4.306,5.6191,7.0612,4.0322,5.4213,4.847,5.2415,6.3363,7.3503,6.0668,4.9727,7.4687,6.3968,6.218,7.248,5.2381,5.6761,6.6927,6.9838,7.907,6.3461,5.9531,6.3662,6.0702,4.838,6.1857,7.4567,6.2333,7.4278,6.3751,5.5907,5.9867,7.2044,5.6323,4.5644,6.5821,6.134,7.1434,5.5729,6.4697,7.2979,6.6502,5.4663,6.8677,6.4065,6.2165,5.9148,6.5407,4.2847,7.3366,5.9521,5.6651,5.757,5.7396,5.4637,7.6604
